<?xml version="1.0" encoding="UTF-8"?> 
<java version="1.7.0_60" class="java.beans.XMLDecoder"> 
 <object class="com.fiorano.bc.feeder.model.FeederPM"> 
  <void property="attachment"> 
   <object class="java.util.LinkedHashMap"/> 
  </void> 
  <void property="configuredVersion"> 
   <int>1033</int> 
  </void> 
  <void property="defaultMessage"> 
   <string>&lt;shiporder orderid=&quot;orderid&quot;&gt;
   &lt;orderperson&gt;orderperson&lt;/orderperson&gt;
   &lt;shipto&gt;
      &lt;name&gt;name&lt;/name&gt;
      &lt;address&gt;address&lt;/address&gt;
      &lt;city&gt;city&lt;/city&gt;
      &lt;country&gt;country&lt;/country&gt;
   &lt;/shipto&gt;
   &lt;item&gt;
      &lt;title&gt;title&lt;/title&gt;
      &lt;note&gt;note&lt;/note&gt;
      &lt;quantity&gt;270&lt;/quantity&gt;
      &lt;price&gt;-290&lt;/price&gt;
   &lt;/item&gt;
&lt;/shiporder&gt;</string> 
  </void> 
  <void property="elementsToEncrypt"> 
   <object class="com.fiorano.services.common.configuration.EncryptDecryptElements"> 
    <void property="namespaces"> 
     <void method="put"> 
      <string>xsd</string> 
      <string>http://www.w3.org/2001/XMLSchema</string> 
     </void> 
     <void method="put"> 
      <string>xml</string> 
      <string>http://www.w3.org/XML/1998/namespace</string> 
     </void> 
    </void> 
   </object> 
  </void> 
  <void property="errorHandlingConfiguration"> 
   <void property="errorActionsMap"> 
    <void method="get"> 
     <object class="com.fiorano.edbc.framework.service.exception.ServiceErrorID" method="getServiceErrorId"> 
      <int>3</int> 
     </object> 
     <void method="clear"/> 
     <void method="add"> 
      <object class="com.fiorano.edbc.framework.service.exception.ErrorHandlingAction"/> 
     </void> 
     <void method="add"> 
      <object class="com.fiorano.edbc.framework.service.exception.ErrorHandlingAction"> 
       <void property="id"> 
        <int>5</int> 
       </void> 
      </object> 
     </void> 
    </void> 
    <void method="get"> 
     <object class="com.fiorano.edbc.framework.service.exception.ServiceErrorID" method="getServiceErrorId"> 
      <int>2</int> 
     </object> 
     <void method="clear"/> 
     <void method="add"> 
      <object class="com.fiorano.edbc.framework.service.exception.ErrorHandlingAction"/> 
     </void> 
     <void method="add"> 
      <object class="com.fiorano.edbc.framework.service.exception.ErrorHandlingAction"> 
       <void property="id"> 
        <int>1</int> 
       </void> 
      </object> 
     </void> 
    </void> 
    <void method="get"> 
     <object class="com.fiorano.edbc.framework.service.exception.ServiceErrorID" method="getServiceErrorId"> 
      <int>1</int> 
     </object> 
     <void method="clear"/> 
     <void method="add"> 
      <object class="com.fiorano.edbc.framework.service.exception.ErrorHandlingAction"/> 
     </void> 
     <void method="add"> 
      <object class="com.fiorano.edbc.framework.service.exception.RetryAction"> 
       <void property="configuration"> 
        <object class="com.fiorano.edbc.framework.service.exception.RetryConfiguration"> 
         <void property="otherActions"> 
          <void method="put"> 
           <object class="com.fiorano.edbc.framework.service.exception.ErrorHandlingAction"> 
            <void property="id"> 
             <int>1</int> 
            </void> 
           </object> 
           <int>1</int> 
          </void> 
          <void method="put"> 
           <object class="com.fiorano.edbc.framework.service.exception.ErrorHandlingAction"/> 
           <int>1</int> 
          </void> 
         </void> 
        </object> 
       </void> 
       <void property="id"> 
        <int>2</int> 
       </void> 
      </object> 
     </void> 
     <void method="add"> 
      <object class="com.fiorano.edbc.framework.service.exception.ErrorHandlingAction"> 
       <void property="id"> 
        <int>1</int> 
       </void> 
      </object> 
     </void> 
     <void method="add"> 
      <object class="com.fiorano.edbc.framework.service.exception.ErrorHandlingAction"> 
       <void property="id"> 
        <int>5</int> 
       </void> 
      </object> 
     </void> 
     <void method="add"> 
      <object class="com.fiorano.edbc.framework.service.exception.ErrorHandlingAction"> 
       <void property="id"> 
        <int>4</int> 
       </void> 
      </object> 
     </void> 
    </void> 
    <void method="get"> 
     <object class="com.fiorano.edbc.framework.service.exception.ServiceErrorID" method="getServiceErrorId"> 
      <int>0</int> 
     </object> 
     <void method="clear"/> 
     <void method="add"> 
      <object class="com.fiorano.edbc.framework.service.exception.ErrorHandlingAction"/> 
     </void> 
     <void method="add"> 
      <object class="com.fiorano.edbc.framework.service.exception.ErrorHandlingAction"> 
       <void property="id"> 
        <int>6</int> 
       </void> 
      </object> 
     </void> 
     <void method="add"> 
      <object class="com.fiorano.edbc.framework.service.exception.ErrorHandlingAction"> 
       <void property="id"> 
        <int>1</int> 
       </void> 
      </object> 
     </void> 
     <void method="add"> 
      <object class="com.fiorano.edbc.framework.service.exception.ErrorHandlingAction"> 
       <void property="id"> 
        <int>5</int> 
       </void> 
      </object> 
     </void> 
    </void> 
   </void> 
  </void> 
  <void property="header"> 
   <object class="java.util.LinkedHashMap"/> 
  </void> 
  <void property="schema"> 
   <object class="fiorano.esb.record.ESBRecordDefinition"> 
    <void property="rootElementName"> 
     <string>shiporder</string> 
    </void> 
    <void property="structure"> 
     <string>&lt;?xml version=&quot;1.0&quot; encoding=&quot;ISO-8859-1&quot; ?&gt;&#13;
&lt;xs:schema xmlns:xs=&quot;http://www.w3.org/2001/XMLSchema&quot;&gt;&#13;
&#13;
&lt;xs:element name=&quot;shiporder&quot;&gt;&#13;
  &lt;xs:complexType&gt;&#13;
    &lt;xs:sequence&gt;&#13;
      &lt;xs:element name=&quot;orderperson&quot; type=&quot;xs:string&quot;/&gt;&#13;
      &lt;xs:element name=&quot;shipto&quot;&gt;&#13;
        &lt;xs:complexType&gt;&#13;
          &lt;xs:sequence&gt;&#13;
            &lt;xs:element name=&quot;name&quot; type=&quot;xs:string&quot;/&gt;&#13;
            &lt;xs:element name=&quot;address&quot; type=&quot;xs:string&quot;/&gt;&#13;
            &lt;xs:element name=&quot;city&quot; type=&quot;xs:string&quot;/&gt;&#13;
            &lt;xs:element name=&quot;country&quot; type=&quot;xs:string&quot;/&gt;&#13;
          &lt;/xs:sequence&gt;&#13;
        &lt;/xs:complexType&gt;&#13;
      &lt;/xs:element&gt;&#13;
      &lt;xs:element name=&quot;item&quot; maxOccurs=&quot;unbounded&quot;&gt;&#13;
        &lt;xs:complexType&gt;&#13;
          &lt;xs:sequence&gt;&#13;
            &lt;xs:element name=&quot;title&quot; type=&quot;xs:string&quot;/&gt;&#13;
            &lt;xs:element name=&quot;note&quot; type=&quot;xs:string&quot; minOccurs=&quot;0&quot;/&gt;&#13;
            &lt;xs:element name=&quot;quantity&quot; type=&quot;xs:positiveInteger&quot;/&gt;&#13;
            &lt;xs:element name=&quot;price&quot; type=&quot;xs:decimal&quot;/&gt;&#13;
          &lt;/xs:sequence&gt;&#13;
        &lt;/xs:complexType&gt;&#13;
      &lt;/xs:element&gt;&#13;
    &lt;/xs:sequence&gt;&#13;
    &lt;xs:attribute name=&quot;orderid&quot; type=&quot;xs:string&quot; use=&quot;required&quot;/&gt;&#13;
  &lt;/xs:complexType&gt;&#13;
&lt;/xs:element&gt;&#13;
&#13;
&lt;/xs:schema&gt; &#13;
</string> 
    </void> 
    <void property="targetNamespace"> 
     <string></string> 
    </void> 
   </object> 
  </void> 
 </object> 
</java> 
