<application guid="EVENT_PROCESS1" version="1.0"><display name="Event Process1" categories="User Processes" /><Metadata productVersion="12" buildNo="12080" createdBy="admin" /><creation date="02-07-2019 05:58:44" lastModifiedDate="02-07-2019 05:58:44" authors="eStudio" schema-version="1.0" /><deployment label="Development" /><deleteDestinationAfterStop value="Fetch_From_FES" /><durableRoute value="Fetch_From_FES" /><application-context root="Context"><file>applicationContextSchema.xsd</file></application-context><service-instances><inst name="Feeder1"><service guid="Feeder" version="4.0" /><short-description>The Feeder service is used to feed in data.</short-description><long-description>The Feeder service is used to feed data to any service to which its output port is linked. The service defines no input or output format for the messages. It can take any data as input and just sends it forward. The user can input data in the window which pops up on launching the service.</long-description><config-file name="Feeder1.xml" /><deployment nodes="fps" /><execution><debug enabled="false" port="5000" suspend="false" /><launchOrder-Sequence sequence="-1" /><stopOrder-Sequence sequence="-1" /></execution><inputport-instances /><outputport-instances><outputport-instance name="OUT_PORT"><description>Gives data or messages as output</description><schema root="{http://www.fiorano.com/fesb/activity/DB1/Request}SQL_CFG_1"><file>IN_PORT.xsd</file></schema><jms><destination /><publisher><messages persistent="true" /></publisher></jms><workflow type="0" datatype="2" enablecallout="false" /><transformation><script-file name="script.xml" /><project-file name="project" /></transformation></outputport-instance><outputport-instance name="ON_EXCEPTION"><description>Used as an Exception Port</description><schema root="{http://www.fiorano.com/fesb/activity/fault}Error"><file>ON_EXCEPTION.xsd</file></schema><jms><destination /><publisher><messages persistent="true" /></publisher></jms><workflow type="1" datatype="2" enablecallout="false" /></outputport-instance></outputport-instances><logmanager logger="java.util.logging.FileHandler"><Param name="java.util.logging.FileHandler.limit">1000000</Param><Param name="java.util.logging.FileHandler.dir">logs</Param><Param name="fiorano.jms.log2.def.DefaultFormatter.dateformat">MM/dd/yyyy HH:mm:ss</Param><Param name="java.util.logging.FileHandler.count">4</Param><Param name="fiorano.jms.log2.def.DefaultFormatter.includetimestamp">true</Param></logmanager><logmodules><logmodule name="com.fiorano.services.feeder.FeederService" level="WARNING" uniqueNameRequired="true" /><logmodule name="com.fiorano.services.feeder.transport.jms" level="WARNING" uniqueNameRequired="true" /><logmodule name="com.fiorano.services.feeder.engine" level="WARNING" uniqueNameRequired="true" /><logmodule name="ERR_HANDLER" uniqueNameRequired="true" /><logmodule name="OUT_HANDLER" level="INFO" uniqueNameRequired="true" /></logmodules><runtime-arguments><runtime-argument name="JVM_PARAMS" mandatory="false" inmemory="false"><value> -client -DLOG_TO_STREAM=true -Xrs -XX:MetaspaceSize=128m -XX:MaxMetaspaceSize=256m</value></runtime-argument><runtime-argument name="JAVA_HOME" mandatory="false" inmemory="false" /></runtime-arguments><servicerefs /></inst><inst name="Display1"><service guid="Display" version="4.0" /><short-description>Component for Displaying documents</short-description><deployment nodes="fps" /><execution><debug enabled="false" port="5000" suspend="false" /><launchOrder-Sequence sequence="-1" /><stopOrder-Sequence sequence="-1" /></execution><inputport-instances><inputport-instance name="IN_PORT"><description>Receives all incoming messages to display them in a user friendly format</description><jms><destination /><subscriber><transaction enabled="false" /><subscription durable="false" /></subscriber></jms><workflow type="0" datatype="2" enablecallout="false" /></inputport-instance></inputport-instances><outputport-instances><outputport-instance name="OUT_PORT"><description>Sends the document received at input port to the next business component in the workflow</description><jms><destination /><publisher><messages persistent="true" /></publisher></jms><workflow type="0" datatype="2" enablecallout="false" /></outputport-instance><outputport-instance name="ON_EXCEPTION"><description>Used as an Exception Port</description><schema root="{http://www.fiorano.com/fesb/activity/fault}Error"><file>ON_EXCEPTION.xsd</file></schema><jms><destination /><publisher><messages persistent="true" /></publisher></jms><workflow type="1" datatype="2" enablecallout="false" /></outputport-instance></outputport-instances><logmanager logger="java.util.logging.FileHandler"><Param name="java.util.logging.FileHandler.limit">1000000</Param><Param name="java.util.logging.FileHandler.dir">logs</Param><Param name="fiorano.jms.log2.def.DefaultFormatter.dateformat">MM/dd/yyyy HH:mm:ss</Param><Param name="java.util.logging.FileHandler.count">4</Param><Param name="fiorano.jms.log2.def.DefaultFormatter.includetimestamp">true</Param></logmanager><logmodules><logmodule name="com.fiorano.services.display.DisplayService" level="WARNING" uniqueNameRequired="true" /><logmodule name="com.fiorano.services.display.transport.jms" level="WARNING" uniqueNameRequired="true" /><logmodule name="com.fiorano.services.display.engine" level="WARNING" uniqueNameRequired="true" /><logmodule name="ERR_HANDLER" uniqueNameRequired="true" /><logmodule name="OUT_HANDLER" level="INFO" uniqueNameRequired="true" /></logmodules><runtime-arguments><runtime-argument name="JVM_PARAMS" mandatory="false" inmemory="false"><value> -client -DLOG_TO_STREAM=true -Xrs -XX:MetaspaceSize=128m -XX:MaxMetaspaceSize=256m</value></runtime-argument><runtime-argument name="JAVA_HOME" mandatory="false" inmemory="false" /></runtime-arguments><servicerefs /></inst><inst name="Display2"><service guid="Display" version="4.0" /><short-description>Component for Displaying documents</short-description><deployment nodes="fps" /><execution><debug enabled="false" port="5000" suspend="false" /><launchOrder-Sequence sequence="-1" /><stopOrder-Sequence sequence="-1" /></execution><inputport-instances><inputport-instance name="IN_PORT"><description>Receives all incoming messages to display them in a user friendly format</description><jms><destination /><subscriber><transaction enabled="false" /><subscription durable="false" /></subscriber></jms><workflow type="0" datatype="2" enablecallout="false" /></inputport-instance></inputport-instances><outputport-instances><outputport-instance name="OUT_PORT"><description>Sends the document received at input port to the next business component in the workflow</description><jms><destination /><publisher><messages persistent="true" /></publisher></jms><workflow type="0" datatype="2" enablecallout="false" /></outputport-instance><outputport-instance name="ON_EXCEPTION"><description>Used as an Exception Port</description><schema root="{http://www.fiorano.com/fesb/activity/fault}Error"><file>ON_EXCEPTION.xsd</file></schema><jms><destination /><publisher><messages persistent="true" /></publisher></jms><workflow type="1" datatype="2" enablecallout="false" /></outputport-instance></outputport-instances><logmanager logger="java.util.logging.FileHandler"><Param name="java.util.logging.FileHandler.limit">1000000</Param><Param name="java.util.logging.FileHandler.dir">logs</Param><Param name="fiorano.jms.log2.def.DefaultFormatter.dateformat">MM/dd/yyyy HH:mm:ss</Param><Param name="java.util.logging.FileHandler.count">4</Param><Param name="fiorano.jms.log2.def.DefaultFormatter.includetimestamp">true</Param></logmanager><logmodules><logmodule name="com.fiorano.services.display.DisplayService" level="WARNING" uniqueNameRequired="true" /><logmodule name="com.fiorano.services.display.transport.jms" level="WARNING" uniqueNameRequired="true" /><logmodule name="com.fiorano.services.display.engine" level="WARNING" uniqueNameRequired="true" /><logmodule name="ERR_HANDLER" uniqueNameRequired="true" /><logmodule name="OUT_HANDLER" level="INFO" uniqueNameRequired="true" /></logmodules><runtime-arguments><runtime-argument name="JVM_PARAMS" mandatory="false" inmemory="false"><value> -client -DLOG_TO_STREAM=true -Xrs -XX:MetaspaceSize=128m -XX:MaxMetaspaceSize=256m</value></runtime-argument><runtime-argument name="JAVA_HOME" mandatory="false" inmemory="false" /></runtime-arguments><servicerefs /></inst></service-instances><routes><route name="route1"><source inst="Feeder1" port="OUT_PORT" /><target inst="Display1" port="IN_PORT" /><messages durabilitySource="Application" /><logmodules /></route><route name="route2"><source inst="Display1" port="OUT_PORT" /><target inst="Display1" port="IN_PORT" /><messages durabilitySource="Application" /><message-transformation><script-file name="script.xml" /><project-file name="project" /></message-transformation><selectors><selector type="jms">count &lt; 5</selector></selectors><logmodules /></route><route name="route3"><source inst="Display1" port="OUT_PORT" /><target inst="Display2" port="IN_PORT" /><messages durabilitySource="Application" /><logmodules /></route></routes></application>