<?xml version="1.0" encoding="UTF-8"?>
<application guid="XMLSECURITYPROVIDER" version="1.0">
  <display categories="User Processes" name="XMLSecurityProvider"/>
  <creation authors="eStudio" date="15-09-2017 01:00:54"/>
  <deployment label="Development"/>
  <service-instances>
    <inst name="Feeder1">
      <service guid="Feeder" version="4.0"/>
      <short-description>The Feeder service is used to feed in data.</short-description>
      <long-description>The Feeder service is used to feed data to any service to which its output port is linked. The service defines no input or output format for the messages. It can take any data as input and just sends it forward. The user can input data in the window which pops up on launching the service.</long-description>
      <config-file name="Feeder1.xml"/>
      <deployment nodes="fps"/>
      <execution>
        <debug enabled="false" port="5000"/>
        <launchOrder-Sequence sequence="-1"/>
        <stopOrder-Sequence sequence="-1"/>
      </execution>
      <outputport-instances>
        <outputport-instance name="OUT_PORT">
          <description>Gives data or messages as output</description>
          <workflow datatype="2" type="0" enablecallout="false"/>
          <schema root="shiporder">
            <file>OUT_PORT.xsd</file>
          </schema>
          <jms>
            <destination/>
            <publisher>
              <messages persistent="true"/>
            </publisher>
          </jms>
        </outputport-instance>
        <outputport-instance name="ON_EXCEPTION">
          <description>Used as an Exception Port</description>
          <workflow datatype="2" type="1" enablecallout="false"/>
          <schema root="{http://www.fiorano.com/fesb/activity/fault}Error">
            <file>ON_EXCEPTION.xsd</file>
          </schema>
          <jms>
            <destination/>
            <publisher>
              <messages persistent="true"/>
            </publisher>
          </jms>
        </outputport-instance>
      </outputport-instances>
      <logmanager logger="java.util.logging.FileHandler">
        <Param name="java.util.logging.FileHandler.limit">1000000</Param>
        <Param name="java.util.logging.FileHandler.dir">logs</Param>
        <Param name="fiorano.jms.log2.def.DefaultFormatter.dateformat">MM/dd/yyyy HH:mm:ss</Param>
        <Param name="java.util.logging.FileHandler.count">4</Param>
        <Param name="fiorano.jms.log2.def.DefaultFormatter.includetimestamp">true</Param>
      </logmanager>
      <logmodules>
        <logmodule level="ALL" name="com.fiorano.services.feeder.FeederService" uniqueNameRequired="true"/>
        <logmodule level="ALL" name="com.fiorano.services.feeder.transport.jms" uniqueNameRequired="true"/>
        <logmodule level="ALL" name="com.fiorano.services.feeder.engine" uniqueNameRequired="true"/>
        <logmodule level="ALL" name="ERR_HANDLER" uniqueNameRequired="true"/>
        <logmodule level="ALL" name="OUT_HANDLER" uniqueNameRequired="true"/>
      </logmodules>
      <runtime-arguments>
        <runtime-argument inmemory="false" mandatory="false" name="JVM_PARAMS">
          <value> -client -DLOG_TO_STREAM=true -Xrs</value>
        </runtime-argument>
        <runtime-argument inmemory="false" mandatory="false" name="JAVA_HOME"/>
      </runtime-arguments>
    </inst>
    <inst name="XMLSecurityProvider1">
      <service guid="XMLSecurityProvider" version="4.0"/>
      <short-description>Provides functions of XML Encryption,Decryption,Verification and Signing</short-description>
      <long-description>Encrypts and decrypts the data from configured xml elements and verifies the signature received.</long-description>
      <config-file name="XMLSecurityProvider1.xml" partiallyConfigured="false"/>
      <schema-references/>
      <named-configurations/>
      <deployment nodes="fps"/>
      <execution>
        <debug enabled="false" port="5000"/>
        <launchOrder-Sequence sequence="-1"/>
        <stopOrder-Sequence sequence="-1"/>
      </execution>
      <inputport-instances>
        <inputport-instance name="IN_PORT">
          <description>Messages received on input port will be processed</description>
          <workflow datatype="2" type="0" enablecallout="false"/>
          <schema root="shiporder">
            <file>OUT_PORT.xsd</file>
            <schemarefs/>
          </schema>
          <jms enabled="true">
            <destination/>
            <subscriber>
              <transaction enabled="false"/>
              <subscription durable="false"/>
            </subscriber>
          </jms>
        </inputport-instance>
      </inputport-instances>
      <outputport-instances>
        <outputport-instance name="ON_EXCEPTION">
          <description>Used as an Exception Port</description>
          <workflow datatype="2" type="1" enablecallout="false"/>
          <schema root="{http://www.fiorano.com/fesb/activity/fault}Error">
            <file>ON_EXCEPTION.xsd</file>
            <schemarefs/>
          </schema>
          <jms>
            <destination/>
            <publisher>
              <messages persistent="true"/>
            </publisher>
          </jms>
        </outputport-instance>
        <outputport-instance name="OUT_PORT">
          <description>Processed message will be sent to output port</description>
          <workflow datatype="2" type="0" enablecallout="false"/>
          <schema root="shiporder">
            <file>OUT_PORT.xsd</file>
            <schemarefs/>
          </schema>
          <jms>
            <destination/>
            <publisher>
              <messages persistent="true"/>
            </publisher>
          </jms>
        </outputport-instance>
      </outputport-instances>
      <logmanager logger="java.util.logging.FileHandler">
        <Param name="java.util.logging.FileHandler.limit">1000000</Param>
        <Param name="java.util.logging.FileHandler.dir">logs</Param>
        <Param name="fiorano.jms.log2.def.DefaultFormatter.dateformat">MM/dd/yyyy HH:mm:ss</Param>
        <Param name="java.util.logging.FileHandler.count">4</Param>
        <Param name="fiorano.jms.log2.def.DefaultFormatter.includetimestamp">true</Param>
      </logmanager>
      <logmodules>
        <logmodule level="ALL" name="ERR_HANDLER" uniqueNameRequired="true"/>
        <logmodule level="ALL" name="OUT_HANDLER" uniqueNameRequired="true"/>
      </logmodules>
      <runtime-arguments>
        <runtime-argument inmemory="false" mandatory="false" name="JVM_PARAMS">
          <value> -client -DLOG_TO_STREAM=true -Xrs</value>
        </runtime-argument>
        <runtime-argument inmemory="false" mandatory="false" name="JAVA_HOME"/>
      </runtime-arguments>
    </inst>
    <inst name="Display1">
      <service guid="Display" version="4.0"/>
      <short-description>Component for Displaying documents</short-description>
      <deployment nodes="fps"/>
      <execution>
        <debug enabled="false" port="5000"/>
        <launchOrder-Sequence sequence="-1"/>
        <stopOrder-Sequence sequence="-1"/>
      </execution>
      <inputport-instances>
        <inputport-instance name="IN_PORT">
          <description>Receives all incoming messages to display them in a user friendly format</description>
          <workflow datatype="2" type="0" enablecallout="false"/>
          <jms>
            <destination/>
            <subscriber>
              <transaction enabled="false"/>
              <subscription durable="false"/>
            </subscriber>
          </jms>
        </inputport-instance>
      </inputport-instances>
      <outputport-instances>
        <outputport-instance name="OUT_PORT">
          <description>Sends the document received at input port to the next business component in the workflow</description>
          <workflow datatype="2" type="0" enablecallout="false"/>
          <jms>
            <destination/>
            <publisher>
              <messages persistent="true"/>
            </publisher>
          </jms>
        </outputport-instance>
        <outputport-instance name="ON_EXCEPTION">
          <description>Used as an Exception Port</description>
          <workflow datatype="2" type="1" enablecallout="false"/>
          <schema root="{http://www.fiorano.com/fesb/activity/fault}Error">
            <file>ON_EXCEPTION.xsd</file>
          </schema>
          <jms>
            <destination/>
            <publisher>
              <messages persistent="true"/>
            </publisher>
          </jms>
        </outputport-instance>
      </outputport-instances>
      <logmanager logger="java.util.logging.FileHandler">
        <Param name="java.util.logging.FileHandler.limit">1000000</Param>
        <Param name="java.util.logging.FileHandler.dir">logs</Param>
        <Param name="fiorano.jms.log2.def.DefaultFormatter.dateformat">MM/dd/yyyy HH:mm:ss</Param>
        <Param name="java.util.logging.FileHandler.count">4</Param>
        <Param name="fiorano.jms.log2.def.DefaultFormatter.includetimestamp">true</Param>
      </logmanager>
      <logmodules>
        <logmodule level="ALL" name="com.fiorano.services.display.DisplayService" uniqueNameRequired="true"/>
        <logmodule level="ALL" name="com.fiorano.services.display.transport.jms" uniqueNameRequired="true"/>
        <logmodule level="ALL" name="com.fiorano.services.display.engine" uniqueNameRequired="true"/>
        <logmodule level="ALL" name="ERR_HANDLER" uniqueNameRequired="true"/>
        <logmodule level="ALL" name="OUT_HANDLER" uniqueNameRequired="true"/>
      </logmodules>
      <runtime-arguments>
        <runtime-argument inmemory="false" mandatory="false" name="JVM_PARAMS">
          <value> -client -DLOG_TO_STREAM=true -Xrs</value>
        </runtime-argument>
        <runtime-argument inmemory="false" mandatory="false" name="JAVA_HOME"/>
      </runtime-arguments>
    </inst>
  </service-instances>
  <routes>
    <route name="route2">
      <source inst="XMLSecurityProvider1" port="OUT_PORT"/>
      <target inst="Display1" port="IN_PORT"/>
      <messages durabilitySource="Application"/>
    </route>
    <route name="route1">
      <source inst="Feeder1" port="OUT_PORT"/>
      <target inst="XMLSecurityProvider1" port="IN_PORT"/>
      <messages durabilitySource="Application"/>
    </route>
  </routes>
  <durableRoute/>
  <deleteDestinationAfterStop/>
</application>